<?xml version="1.0" encoding="UTF-8"?>
<teamcity-plugin xmlns:xsi="http://www.w3.org/2001/XMLSchema-instance" xsi:noNamespaceSchemaLocation="urn:schemas-jetbrains-com:teamcity-plugin-v1-xml">
  <info>
    <name>TC SoftLayer</name>
    <display-name>TC SoftLayer</display-name>
    <version>@0.1n@</version>
    <description>TC Cloud profile plugin for SoftLayer</description>
    <download-url>Plugin download URL</download-url>
    <email>Plugin author e-mail</email>
    <vendor>
      <name>Plugin vendor name</name>
      <url>Plugin vendor URL</url>
      <logo>Plugin vendor logo URL</logo>
    </vendor>
  </info>
  <deployment use-separate-classloader="true" />
</teamcity-plugin>
